Año,SEXO,LinkedIn,Diplomado_1,Diplomado_2,Especialización_1,Especialización_2,Maestría_1,Maestría_2,Doctorado,Docencia_2,Docencia_3,Administrativo_1,Administrativo_2,Administrativo_3,Director_1,Director_2,Director_3,Consultor_1,Consultor_2,Coordinador_1,Coordinador_2,Coordinador_3,Coach,Lider,Supervisor,M+TT(Años),M-TT(Años),TD,TA,TDir,TC,TCoor,TCoa,TLi,TSup,#_De_Empresas
2006,F,SI,Ninguno,Ninguno,Producción,Ninguna,Ingeniería Administrativa,Ninguna,Ninguna,Ninguna,Ninguna,Jefe Aseguramiento Operaciones ,Jefe Operaciones STC,NO,NO,NO,NO,NO,NO,NO,NO,NO,NO,NO,NO,8.08,0,0,8.08,0,0,0,0,0,0,2
2006,M,SI,Ninguno,Ninguno,Ninguna,Ninguna,Estadística Aplicada,Ninguna,Ninguna,Universidad Metropolitana,Unviersidad Libre,NO,NO,NO,NO,NO,NO,NO,NO,NO,NO,NO,NO,NO,Producción,21,5.92,21,0,0,0,0,0,0,5.92,4
2002,F,SI,Ninguno,Ninguno,Ninguna,Ninguna,Innovación y Emprendimiento,Ninguna,Ninguna,Ninguna,Ninguna,Finanzas,NO,NO,Finanzas,NO,NO,NO,NO,NO,NO,NO,NO,NO,NO,11,2,0,2.08,11,0,0,0,0,0,2
2004,M,SI,Ninguno,Ninguno,Salud Ocupacional,Ninguna,Ninguna,Ninguna,Ninguna,Ninguna,Ninguna,Asesor de Empresas,Salud Ocupacional,NO,NO,NO,NO,NO,NO,Producción,NO,NO,NO,NO,NO,17.16,1.75,0,17.16,0,0,5.75,0,0,0,6
2003,F,SI,Ninguno,Ninguno,Gestión de Calidad,Ninguna,Ninguna,Ninguna,Ninguna,Ninguna,Ninguna,Practicas Empresariales,Analista de Cargos,NO,NO,NO,NO,NO,NO,Gestión de Calidad,NO,NO,NO,NO,NO,15.92,0.75,0,3.75,0,0,15.92,0,0,0,3
2004,F,SI,Ninguno,Logistica Empresarial,Gestión de la Ciencia,Tecnología,Innovación y Política Ciéntifica,Administración de Empresas,Ciencias de la Admnistración,Corporación Unversitaria Corsalud,Universidad Simón Bolivar,Asesor Técnico,Asesor Técnico,NO,NO,NO,NO,NO,NO,Gestión de Calidad,Proyectos,Proyectos Empresariales,NO,NO,NO,16,1.5,16,0,1.5,0,3,0,0,0,9
2005,F,SI,Ninguno,Ninguno,Salud Ocupacional,Diseño y Evaluación de Proyectos,Finanzas,Ninguna,Ninguna,Ninguna,Ninguna,NO,NO,NO,Seguridad Industrial,NO,NO,Salud Ocupacional,Salud Ocupacional,Gestión de Riesgo,NO,NO,NO,NO,NO,5,3.42,3.42,0,3.42,5,4.5,0,0,0,6
2003,F,SI,Ninguno,Ninguno,Logistica Empresarial,Gestión de Calidad,Administración e Innovación,Ninguna,Aministración y Desarrollo empresarial,Institución Universitaria de Barranquillla,Ninguna,Axuliar de Productividad,NO,NO,NO,NO,NO,NO,NO,NO,NO,NO,NO,NO,Producción,11.08,1,11.08,0,0,0,0,0,0,1,7
2001,F,SI,Ninguno,Ninguno,Ninguna,Ninguna,Ninguna,Ninguna,Ninguna,Universidad Abierta y a Distancia,Ninguna,NO,NO,NO,NO,NO,NO,NO,NO,NO,NO,NO,NO,NO,NO,18.75,7,18.75,0,0,0,0,0,0,0,2
2003,F,SI,Educación Ambiental,Ninguno,Salud Ocupacional,Análisis y Gestión Ambiental,Ninguna,Ninguna,Ninguna,Ninguna,Ninguna,Gerente de Operaciones,Asesor Externo,Asesor Gestión de Riesgo,NO,NO,NO,NO,NO,Seguridad y Salud en el Trabajo,Riesgo Corporativo,NO,NO,NO,Producción,5.92,3.33,0,3.33,0,0,5.92,0,0,5.33,7
2002,F,SI,Ninguno,Ninguno,Gestión de Calidad,Ninguna,Administración de Negocios,Ninguna,Ninguna,Ninguna,Ninguna,NO,NO,NO,Gestión de Calidad,NO,NO,Gestión de Calidad,NO,SIG,Normalización,NO,NO,NO,NO,8.92,1083,0,0,0,2.75,8.92,0,0,0,5
2003,M,SI,Ninguno,Ninguno,Ninguna,Ninguna,Ninguna,Ninguna,Ninguna,Ninguna,Ninguna,Analista de Datos,Especialista en Reportes,Gestión de Calidad,NO,NO,NO,NO,NO,NO,NO,NO,NO,NO,Producción,7,3,0,7,0,0,0,0,0,3,7
2005,F,SI,Ninguno,Ninguno,Gestión de Calidad,Ninguna,Ninguna,Ninguna,Ninguna,Ninguna,Ninguna,Analista Comecial,Asesor de Riesgos,Asesor Comercial,NO,NO,NO,NO,NO,Gestión de Calidad,Mantenimiento Preventvo,NO,NO,NO,NO,10.42,4.92,0,10.42,0,0,4.92,0,0,0,7
2002,F,SI,Ninguno,Ninguno,Salud Ocupacional,Ninguna,Ninguna,Ninguna,Ninguna,Ninguna,Ninguna,NO,NO,NO,NO,NO,NO,Empresarial,NO,NO,NO,NO,NO,NO,NO,21,1.33,0,0,0,21,0,0,0,0,2
2002,M,SI,Ninguno,Ninguno,Salud Ocupacional,Ninguna,Ninguna,Ninguna,Ninguna,Ninguna,Ninguna,NO,NO,NO,NO,NO,NO,Empresarial,NO,NO,NO,NO,NO,NO,NO,23.08,0,0,0,0,0,0,0,0,0,1
2005,F,SI,Seguridad de la Información,Administración de Riesgo y Auditoria Forense,Ninguna,Ninguna,Ninguna,Ninguna,Ninguna,Ninguna,Ninguna,Auxiliar Administrativo,Asesor de Calidad,Asesora Independiente,NO,NO,NO,NO,NO,NO,NO,NO,NO,Sistema de Información Comercial,NO,7.92,3,0,7.92,0,0,0,0,3,0,7
2006,F,SI,Ninguno,Ninguno,Ninguna,Ninguna,Ingeniería Administrativa,Ninguna,Ninguna,Universidad del Atlántico,Universidad Nacional Abierta y a Distancia,Asistente de Superintendencia,NO,NO,Administrativo y Financiero,NO,NO,NO,NO,Bienestar Humano,Programas de Posgrados,Programa de Ingenieria Industrial,NO,NO,NO,16.25,3.25,16.25,0,0,0,3.25,0,0,0,10
2001,M,SI,Ninguno,Ninguno,Ninguna,Ninguna,Matematicas y Ciencia,Artes,Ninguna,Ninguna,Ninguna,Diseñador de Curriculum,NO,NO,NO,NO,NO,NO,NO,NO,NO,NO,NO,Eureka Math Implementation Specialist,NO,13.08,0.33,13.08,0,0,0,0,0,4.83,0,4
2002,M,SI,Ninguno,Ninguno,Ninguna,Ninguna,Ninguna,Ninguna,Ninguna,Ninguna,Ninguna,Jefe de Operaciones,NO,NO,NO,NO,NO,NO,NO,NO,NO,NO,NO,NO,NO,13.42,0,0,13.42,0,0,0,0,0,0,1
2005,M,SI,Ninguno,Ninguno,Ninguna,Ninguna,Ninguna,Ninguna,Ninguna,Ninguna,Ninguna,Analista de Capacitación Empresarial,Formación y Desarrollo,NO,NO,NO,NO,Capacitación Empresarial,NO,NO,NO,NO,NO,NO,NO,8.75,6.75,8.75,6.75,0,0,0,0,0,0,4
2002,M,SI,Ninguno,Ninguno,Ninguna,Ninguna,Ninguna,Ninguna,Ninguna,Ninguna,Ninguna,Residente Administrativo,NO,NO,NO,NO,NO,Gestión de Calidad,NO,NO,NO,NO,NO,NO,NO,14.67,6.25,0,14.67,0,6.25,0,0,0,0,2
2003,M,SI,Ninguno,Ninguno,Finanzas,Ninguna,Gestión Administrativa de Negocios,Fianazas Internacionales,Ninguna,Ninguna,Ninguna,Analista Financiero,Analista de Negocios,Especialista Financiero,NO,NO,NO,Finanzas,NO,NO,NO,NO,NO,NO,NO,6.5,0.92,0,7.42,0,0,0,0,0,0,5
2002,F,SI,Ninguno,Ninguno,Gestión de Proyectos,Ninguna,Administración de Proyectos,Gestión de Proyectos,Ninguna,Ninguna,Ninguna,NO,NO,NO,Proyectos y Asesoria,Consultora de Proyectos,NO,NO,NO,Comercial,NO,NO,NO,NO,NO,14,0.33,2.92,0,14,0,0,0,0,0,6
2001,F,SI,Ninguno,Ninguno,Gerencia de Proyectos,Ninguna,Administración de Proyectos,Ninguna,Ninguna,Ninguna,Ninguna,NO,NO,NO,Proyectos y Asesoria,NO,NO,NO,NO,Comercial,NO,NO,NO,NO,NO,13.75,2.92,2.92,0,13.75,0,3.67,0,0,0,6
2006,F,SI,Ninguno,Ninguno,Estadística,Ninguna,Ingeniería Industrial,Ninguna,Ninguna,Ninguna,Ninguna,Analisis y Gestión de la Infomación,Asistente de Procesos y Metodos,NO,NO,NO,NO,NO,NO,NO,NO,NO,NO,NO,NO,16.5,0.92,0,16.5,0,0,0,0,0,0,5
2005,M,SI,Ninguno,Ninguno,Ninguna,Ninguna,Ninguna,Ninguna,Ninguna,Ninguna,Ninguna,NO,NO,NO,NO,NO,NO,Gestión de Calidad,Procesos,NO,NO,NO,NO,NO,NO,21.08,4,0,0,0,21.08,0,0,0,0,3
2002,M,SI,Ninguno,Ninguno,Salud Ocupacional,Ninguna,Ninguna,Ninguna,Ninguna,Ninguna,Ninguna,NO,NO,NO,HSE,NO,NO,HSE,NO,SIG,NO,NO,NO,NO,HSE,4,0.17,0,0,1.5,2.25,3.67,0,0,3.16,6
2001,F,SI,Ninguno,Ninguno,Ninguna,Ninguna,Gestión de Calidad,Exelencia de las Organizaciones,Ninguna,Ninguna,Ninguna,Gerente,NO,NO,Comercial,NO,NO,NO,NO,Servicio al Cliente,ISO,NO,NO,NO,Producción,10,1,10,6.58,0,0,1.16,0,0,0,4
2002,M,SI,Ninguno,Ninguno,Logistica Empresarial,Ninguna,Ingeniería Administrativa,Ninguna,Logistica,Ninguna,Ninguna,NO,NO,NO,NO,NO,NO,Logistico,NO,NO,NO,NO,NO,NO,NO,17,2.48,17,0,0,2.42,0,0,0,0,2
1999,M,SI,Ninguno,Ninguno,Ninguna,Ninguna,Ninguna,Ninguna,Ninguna,Ninguna,Ninguna,NO,NO,NO,NO,NO,NO,NO,NO,NO,NO,NO,NO,NO,NO,16.75,0,16.75,0,0,0,0,0,0,0,1
2005,M,SI,Ninguno,Ninguno,Operaciones y Produccion,Ninguna,Ninguna,Ninguna,Ninguna,Ninguna,Ninguna,NO,NO,NO,NO,NO,NO,NO,NO,Servicio al Cliente,Servicio al Cliente,NO,NO,NO,Producción,20,3.08,0,0,0,0,20,0,0,3.08,5
2001,M,SI,Ninguno,Ninguno,Direccion de Plantas Industriales,Ninguna,Ninguna,Ninguna,Ninguna,Ninguna,Ninguna,Administrador,Jefe de Cadena Retail,Asesor Talento Humano,Operativo,NO,NO,NO,NO,Gestión de Calidad,NO,NO,NO,NO,Producción,5,0.92,0,5,1.75,0,0.92,0,0,2.5,8
2000,M,SI,Marketing,Ninguno,Ninguna,Ninguna,Ninguna,Ninguna,Ninguna,Ninguna,Ninguna,Analista Comecial,Analista de Marketing,NO,NO,NO,NO,Corporativo,NO,Operaciones,NO,NO,NO,NO,NO,4.67,1,0,3.25,0,4.67,1,0,0,0,4
2004,M,SI,Ninguno,Ninguno,Ninguna,Ninguna,Ingeniería Industrial,Ninguna,Gestión Tecnologica,Corporación Unversitaria de la Costa,Universidad Simón Bolivar,Gestor de Tecnología,NO,NO,Investigación,NO,NO,NO,NO,NO,NO,NO,NO,NO,NO,10.67,1,10.67,1,3,0,0,0,0,0,4
2004,M,SI,Ninguno,Ninguno,Ninguna,Ninguna,Ninguna,Ninguna,Ninguna,Ninguna,Ninguna,Jefe de Compras,Reponedor de Productos,NO,NO,NO,NO,NO,NO,NO,NO,NO,NO,NO,NO,20,3,0,23,0,0,0,0,0,0,2
2003,F,SI,Ninguno,Ninguno,Derecho en el Medio Ambiente,Ninguna,Ninguna,Ninguna,Ninguna,Ninguna,Ninguna,Gestión Ambiental,NO,NO,NO,NO,NO,NO,NO,NO,NO,NO,NO,NO,NO,13.5,0,0,13.5,0,0,0,0,0,0,1
2003,F,SI,Ninguno,Ninguno,Finanzas,Ninguna,Gestión Administrativa de Negocios,Ninguna,Ninguna,Ninguna,Ninguna,Estudiante de Practicas,Servicio Farmaceutico,NO,Operaciones y Estrategia,NO,NO,Gestión de Talento,Emprendimiento,Comercial,NO,NO,NO,NO,Procesos,8,2.25,0,7.5,2.25,8,0,0,0,1,8
2009,F,SI,Investigación acerca de la vulnerabilidad en la cadena de suministro,Seguridad y Salud Ocupacional,Ninguna,Ninguna,Ninguna,Ninguna,Ninguna,Ninguna,Ninguna,Asistente de Producción,Jefe de Ventas,Planificador,Delegado,NO,NO,NO,NO,NO,NO,NO,NO,NO,NO,6,5,5,6,0,0,0,0,0,0,6
2005,F,SI,Ninguno,Ninguno,Ninguna,Ninguna,Ninguna,Ninguna,Ninguna,Ninguna,Ninguna,Asistente Logistico,Planificador,NO,Servicio al Cliente,NO,NO,Logistico,NO,Logística,NO,NO,NO,Call Center,NO,12.5,0.5,4,8,1.6,0.5,12.5,0,2,0,6
2002,F,SI,Gerencia de Ventas,Ninguno,Gerencia de Empresas,Ninguna,Ninguna,Ninguna,Ninguna,Ninguna,Ninguna,Jefe de Ventas,Gerente,NO,Finanzas,NO,NO,Negocios,NO,NO,NO,NO,NO,Cuentas,NO,9,1.32,0,9,3.16,1.32,0,0,3.5,0,7
1999,M,SI,Ninguno,Ninguno,Gestión de Calidad,Gestión Pública,Gestión de Calidad,Ninguna,Dirección de Proyectos,Ninguna,Ninguna,Administrador,NO,NO,Finanzas,NO,NO,NO,NO,NO,NO,NO,NO ,NO,NO,21.5,0,0,0,21.5,0,0,0,0,0,1
2004,M,SI,Ninguno,Ninguno,Ninguna,Ninguna,Ninguna,Ninguna,Ninguna,Ninguna,Ninguna,Jefe de Planta,Jefe de Producción,Soporte y Operaciones,Costos y Presupuesto,Gestión de Proyectos,NO,Gestión de Calidad,NO,Gestión de Proyectos,NO,NO,NO,NO,NO,8.5,1,0,8.5,6.08,1,2.75,0,0,0,8
1999,M,SI,Ninguno,Ninguno,Pedagogía,Ninguna,Ingenieria Industrial,Ninguna,Ingenieria Industrial,Universidad de Cartagena,Universidad Autónoma del Caribe,NO,NO,NO,NO,NO,NO,NO,NO,NO,NO,NO,NO,NO,NO,18,0,18,0,0,0,0,0,0,0,5
2001,M,SI,Ninguno,Ninguno,Ninguna,Ninguna,Ninguna,Ninguna,Ninguna,Ninguna,Ninguna,Gerente,Asesor Comercial,NO,NO,NO,NO,NO,NO,NO,NO,NO,NO,NO,NO,5,2.08,0,12.05,0,0,0,0,0,0,7
2000,M,SI,Ninguno,Ninguno,Logistica Empresarial,Ninguna,Ninguna,Ninguna,Ninguna,Ninguna,Ninguna,NO,NO,NO,Proyectos y Asesoria,NO,NO,Negocios,NO,Logística,Distribución y Ventas,NO,NO,Equipos,NO,6,3,0,0,1,2,7.08,0,0,0,6
1999,F,SI,Coaching Gerencial,Ninguno,Ninguna,Ninguna,Ingenieria Industrial,Ninguna,Ninguna,Ninguna,Ninguna,NO,NO,NO,Posgrados,NO,NO,NO,NO,Ingenieria Industrial,NO,NO,Empresarial y personal,NO,NO,5.25,1,0,0,1,0,5.25,4.67,0,0,2
2001,M,SI,Ninguno,Ninguno,Administración Informatica,Ninguna,Gestión de la Tecnología Educativa,Ninguna,Ninguna,IEE El Carmen,Ninguna,Rector,NO,NO,NO,NO,NO,NO,NO,NO,NO,NO,NO,NO,NO,8.33,7,8.33,7,0,0,0,0,0,0,2
2005,M,SI,Ninguno,Ninguno,Gestión de Calidad,Ninguna,Ninguna,Ninguna,Ninguna,Ninguna,Ninguna,Jefe de Producción,Servicio al Cliente,NO,CEO,Gestión de Proyectos,NO,NO,NO,Seguridad y Salud en el Trabajo,NO,NO,NO,NO,NO,10.83,2.08,0,7.5,10.83,0,2.08,0,0,0,6
2003,F,SI,Pedagogía Universitaria,Ninguno,Logistica Empresarial,Ninguna,Administración de Empresas,Ninguna,Ninguna,Ninguna,Ninguna,Jefe de Ventas,Jefe de Servicio de Desarrollo,SISBEN,Servicios y Alianza,NO,NO,NO,NO,NO,NO,NO,NO,Portuario,NO,13.83,0.75,11,4.67,13.83,0,0,0,0.75,0,5
2006,M,SI,Ninguno,Ninguno,Gestión de Calidad,Analista de Negocios,Ninguna,Ninguna,Ninguna,Ninguna,Ninguna,Agente de Servicio al Cliente,Especialista en Procesos,Gestión de Calidad,NO,NO,NO,Analista de Negocios,Procesos,NO,NO,NO,NO,NO,Servicio al Cliente,11,1.67,0,11,0,4.08,0,0,0,1.67,8
2005,M,SI,Ninguno,Ninguno,Ninguna,Ninguna,Ninguna,Ninguna,Ninguna,Ninguna,Ninguna,Inspector de Calidad,NO,NO,NO,NO,NO,NO,NO,NO,NO,NO,NO,Casco y Estructura,NO,11.92,3,0,9,0,0,0,0,11.92,0,4
2000,M,SI,Ninguno,Ninguno,Gerencia Comercial de Proyectos,Ninguna,Administración y Direccion de Empresas,Ninguna,Aministración y Desarrollo empresarial,Ninguna,Ninguna,Administrador,Gerente,Angete Comercial,Innovación,NO,NO,Negocios,Gestión Empresarial,Datos y Aplicaciones,Distribución y Ventas,Distribución Cuentas Corporativas,Comercial,NO,NO,12.16,2,0,2,0,7. 67,12.16,4,0,0,10
2000,F,SI,Ninguno,Ninguno,Finanzas,Ninguna,Administración y Direccion de Empresas,Ninguna,Aministración y Desarrollo empresarial,Fundación Universitaria Conrad Lorenz,Ninguna,Administrador,NO,NO,Gestión de Calidad,NO,NO,NO,NO,NO,NO,NO,NO,NO,NO,12.32,2,2,12.32,2.16,0,0,0,0,0,4
2002,M,SI,Ninguno,Ninguno,Producción,Ninguna,Ninguna,Ninguna,Ninguna,Ninguna,Ninguna,Administrador,Planificador,Programador,NO,NO,NO,NO,NO,NO,NO,NO,NO,NO,NO,12.75,2.33,0,12.75,0,0,0,0,0,0,3
2005,M,SI,Ninguno,Ninguno,Gestión de Proyectos,Ninguna,Administración e Innovación,Ninguna,Ninguna,Ninguna,Ninguna,Estudiante de Practicas,Jefe de Producción,Jefe de Operaciones,Planta y Producción,NO,NO,NO,NO,Gestión de Proyectos,NO,NO,NO,NO,Producción,9,1,0,7,1,0,0,0,0,9,8
2007,M,SI,Ninguno,Ninguno,Logistica Empresarial,Ninguna,Ninguna,Ninguna,Ninguna,Ninguna,Ninguna,Jefe de Logistica,NO,NO,NO,NO,NO,NO,NO,Logística,Almacen,NO,NO,NO,NO,16.16,1.08,0,1.08,0,0,16.16,0,0,0,4
2001,M,SI,Ninguno,Ninguno,Gestión de Calidad,Gerencia de Sistemas de Información,Ingenieria Industrial,Ninguna,Ninguna,Ninguna,Ninguna,NO,NO,NO,Gestión de Calidad,Procesos Academicos,Producción,NO,NO,NO,NO,NO,NO,NO,NO,5.08,0,0,0,5.08,0,0,0,0,0,3
2004,M,SI,Gestión del Riesgo,Analitica de Datos,Finanzas,Ninguna,Ninguna,Ninguna,Ninguna,Ninguna,Ninguna,Auxiliar Administrativo,Subdirector,Administrador,NO,NO,NO,NO,NO,NO,NO,NO,NO,NO,NO,8.16,1.5,0,15.83,0,0,0,0,0,0,7
2002,M,SI,Ninguno,Ninguno,Ninguna,Ninguna,Ingenieria Industrial,Ninguna,Gestión y Desarrollo Tecnologico,Universidad del Magdalena,Ninguna,Administrador,NO,NO,NO,NO,NO,NO,NO,NO,NO,NO,NO,NO,NO,17,1.32,17,0,0,0,0,0,0,0,8
2001,F,SI,Ninguno,Ninguno,Gestión de Proyectos,Gestión de Proyectos de Tecnólogia de la Información,Logística,Ninguna,Ninguna,Ninguna,Ninguna,Scrum Master,NO,NO,NO,NO,NO,Negocios,SAP,Gerente de Proyectos,NO,NO,NO,Metadata,NO,8.83,3.16,0,0,0,8.83,3.5,0,3.16,0,8
2005,F,SI,Ninguno,Ninguno,Gerencia de Procesos y Calidad,Ninguna,Analitica para la Inteligencia de Negocios,Ninguna,Ninguna,Ninguna,Ninguna,Gestión de Calidad,NO,NO,NO,NO,NO,NO,NO,NO,NO,NO,NO,NO,NO,12.16,0,0,12.16,0,0,0,0,0,0,1
2001,M,SI,Ninguno,Ninguno,Logistica Empresarial,Ninguna,Ninguna,Ninguna,Ninguna,Ninguna,Ninguna,Administrador,Auxiliar de Costos,Analista de Operaciones,NO,NO,NO,Gestión de Calidad,NO,NO,NO,NO,NO,NO,NO,9,1.75,0,9,0,1.75,0,0,0,0,7
2005,M,SI,Ninguno,Ninguno,Ninguna,Ninguna,Administración de Empresas,Ninguna,Ciencias de la Admnistración,Fundación Universitaria Corporación Comfenalco,Ninguna,Analista de Procesos,Jefe de Sistemas Integrados,Fundación Universitaria del Area Andina,Consultoria,NO,NO,Empresarial,NO,NO,NO,NO,NO,Seguimiento y Evaluación,NO,10.16,1,8.5,3.5,1,5.33,0,0,10.16,0,10
2001,M,SI,Ninguno,Ninguno,Salud Ocupacional,Salud y cuidado ocupacional de calidad,Ninguna,Ninguna,Ninguna,Ninguna,Ninguna,Salud Ocupacional,NO,NO,NO,NO,NO,Salud Ocupacional,NO,Salud Ocupacional,NO,NO,NO,NO,NO,5,2.67,5,3.32,2.67,0,0,0,0,0,3
2004,M,SI,Ninguno,Ninguno,Gestión de Calidad,Ninguna,Ninguna,Ninguna,Ninguna,Ninguna,Ninguna,Asesor de Calidad,Asesor de Productividad,NO,Gestión de Calidad,NO,NO,NO,NO,NO,NO,NO,NO,NO,Producción,16.83,0.5,0,4,16.83,0,1.5,0,0,0.5,11
2002,M,SI,Ninguno,Ninguno,Ninguna,Ninguna,Ninguna,Ninguna,Ninguna,Ninguna,Ninguna,Administrador,Gestor de Compras,Contratación,NO,NO,NO,NO,NO,Comercial,NO,NO,NO,NO,NO,10,0.4,0,10,0,0,0.4,0,0,0,3
2001,F,SI,Ninguno,Ninguno,Ninguna,Ninguna,Ninguna,Ninguna,Ninguna,Ninguna,Ninguna,Auxiliar Administrativo,Promotora Tarjetas de Crédito,NO,Gestión de Calidad,NO,NO,NO,NO,Gestión de Calidad,NO,NO,Comercial,Calidad,NO,4.42,1,0,1,1.67,0,4.42,1.82,1.08,0,6
2005,M,SI,Ninguno,Ninguno,Ninguna,Ninguna,Administración de Empresas,Ninguna,Ninguna,Ninguna,Ninguna,Servicio al Cliente,Administrador de Obra,Jefe de Servicio,Gestión de Proyectos,Programación,NO,Finanzas,NO,De Obras,NO,NO,NO,NO,NO,6,1,0,6,5,2.5,1,0,0,0,7
2004,M,SI,Programación de Computadoras,Control Interno,Data Science,Ninguna,Ninguna,Ninguna,Ninguna,Ninguna,Ninguna,Asistente de Auditoria,Analista de Datos,AI Enginer,NO,NO,NO,NO,NO,Auditoria,NO,NO,NO,Data,NO,12.25,1.5,0,12.25,0,0,1.5,0,2.18,0,9
2000,M,SI,Ninguno,Ninguno,Logistica Empresarial,Ninguna,Ninguna,Ninguna,Ninguna,Ninguna,Ninguna,Administrador,NO,NO,Gestión y planeación,NO,NO,NO,NO,NO,NO,NO,NO,Planeación,NO,8.16,1.5,0,8.16,0,0,0,0,1.5,0,7
2007,M,SI,Ninguno,Ninguno,Gerencia y Control de Riesgos,Ninguna,Ninguna,Ninguna,Ninguna,Ninguna,Ninguna,Gestión de Calidad,NO,NO,NO,NO,NO,Empresarial,NO,Gestión de Calidad,NO,NO,NO,NO,NO,6,1,0,6,0,5.33,1,0,0,0,4
2006,M,SI,Ninguno,Ninguno,Administración de Negocios,Finanzas,Alta Gerencia,Ninguna,Ninguna,Ninguna,Ninguna,Gerente Financiero,NO,NO,NO,Consultor General,NO,NO,NO,NO,NO,NO,NO,NO,NO,7,3.08,0,7,0,3.08,0,0,0,0,4
2006,F,SI,Ninguno,Ninguno,Ninguna,Ninguna,Ninguna,Ninguna,Ninguna,Ninguna,Ninguna,Gerente Administrativo,NO,NO,NO,NO,NO,NO,NO,Laboratorio,NO,NO,NO,NO,NO,10.5,7.83,10.5,10,0,0,7.83,0,0,0,3
2001,M,SI,Ninguno,Ninguno,Ninguna,Ninguna,Ninguna,Ninguna,Proyectos de innovación e ingeniería,Ninguna,Ninguna,NO,NO,NO,NO,NO,NO,Salud Ocupacional,NO,NO,NO,NO,NO,NO,NO,11.5,2.58,11.5,0,0,2.58,0,0,0,0,4
1999,M,SI,Ninguno,Ninguno,Innovación y Gestión de Ciudades,Derecho de los Negocios,Ingenieria Industrial,Ninguna,Ninguna,Univerisidad Simón Bolivar,Universidad Libre,Scrum Master,Gerente de Proyectos,Gerente de Operaciones,Proyectos y Asesoria,NO,NO,Negocios,NO,NO,NO,NO,NO,NO,NO,8.16,3,7.16,3,8.16,0,0,0,0,0,12
2000,M,SI,Ninguno,Ninguno,Contabilidad Finanzas y Fiscalidad,Ninguna,Dirección y Gestión de Planes,Integración y Comercio Internacional,Ninguna,Ninguna,Ninguna,Asistente en Dirección Estrategica,Asistente Administrativo Contable,Asesor Comercial,NO,NO,NO,Talento Humano,NO,Gestión de Calidad,NO,NO,NO,NO,NO,9.21,7.2,0,9.21,0,7.2,0,0,0,0,15
2003,M,SI,Ninguno,Ninguno,Ninguna,Ninguna,Administración de Empresas e Innovación,Ninguna,Ninguna,Corporación Cientech,Ninguna,Asesor Externo,Jefe de Proyectos,NO,Ejecutivo,NO,NO,NO,NO,Gestión de la Innovación,NO,NO,NO,NO,NO,15.5,2.16,15.5,4.16,7.5,0,2.16,0,0,0,10
2004,M,SI,Tomas de Decisiones Eticas en la Organización,Ninguno,Administración y Gestión de Empresas,Ninguna,Ninguna,Ninguna,Ninguna,Ninguna,Ninguna,Analista de Planeación de Operaciones,Jefe Comercial,Gerente de Proyectos,Logística ,NO,NO,NO,NO,NO,NO,NO,NO,NO,NO,16,4,0,10.83,16,0,0,0,0,0,5
2005,M,SI,Ninguno,Ninguno,Ninguna,Ninguna,Ninguna,Ninguna,Ninguna,Ninguna,Ninguna,Planeación de Operaciones,NO,NO,Planeación y Control de Operaciones,NO,NO,NO,NO,Servicios Operativos,NO,NO,NO,NO,Operaciones,5,1.25,0,5,1.25,0,1.5,0,0,4.5,7
2005,M,SI,Ninguno,Ninguno,Gerencia de Empresas,Ninguna,Ninguna,Ninguna,Ninguna,Ninguna,Ninguna,Subdirector de Calidad,Ejecutivo de Ventas,NO,Garantía de Calidad,NO,NO,Comercial,NO,Gestión de Calidad,NO,NO,NO,NO,NO,5.08,1.58,0,5.08,1.58,3.67,3.5,0,0,0,5
2002,M,SI,Ninguno,Ninguno,Ninguna,Ninguna,Ninguna,Ninguna,Ninguna,Ninguna,Ninguna,Asistente,Consultor Corportativo,NO,NO,NO,NO,Servicio de atención al cliente,NO,NO,NO,NO,NO,NO,NO,13.25,1,2.75,13.25,0,1,0,0,0,0,2
2004,M,SI,Ninguno,Ninguno,Ninguna,Ninguna,Ninguna,Ninguna,Ninguna,Ninguna,Ninguna,Planeador de Patio,Superintendente de Operaciones,NO,NO,NO,NO,NO,NO,Operaciones,NO,NO,NO,NO,Puerto,3.67,1.16,0,3.67,0,0,1.16,0,0,1.67,6
2001,M,SI,Ninguno,Ninguno,Ninguna,Ninguna,Ninguna,Ninguna,Ninguna,Ninguna,Ninguna,Vendedor E-Comerce,NO,NO,NO,NO,NO,Servicio de atención al cliente,NO,NO,NO,NO,NO,NO,NO,15.92,0,0,0,0,15.92,0,0,0,0,5
1998,M,SI,Ninguno,Ninguno,Gestión de Calidad,Gerencia de Recursos Humanos,Ninguna,Ninguna,Ninguna,Ninguna,Ninguna,Asistente Ejecutivo,Contratista,NO,NO,NO,NO,NO,NO,Salud Ocupacional,NO,NO,NO,NO,NO,12,1.67,0,5.25,0,0,12,0,0,0,7
2007,M,SI,Ninguno,Ninguno,Ninguna,Ninguna,Ninguna,Ninguna,Ninguna,Ninguna,Ninguna,Planificador de Mantenimiento,Jefe de Fabricación,NO,NO,NO,NO,NO,NO,Gestión de Calidad,Producción,NO,NO,Producción,Producción,5.5,2.08,0,4.5,0,0,2.08,0,3.25,5.5,8
2006,M,SI,Ninguno,Ninguno,Ninguna,Ninguna,Administración de Empresas,Ninguna,Ciencias de la Admnistración,Universidad La Gran Colombia,Universidad de Florida,NO,NO,NO,NO,NO,NO,Monitoreo y Evaluación de Proyectos,NO,Gestión de Proyectos,NO,NO,NO,NO,NO,4.67,1.42,4.5,0,0,4.67,1.42,0,0,0,6
2005,M,SI,Ninguno,Ninguno,Gestión de Calidad,Ninguna,Productividad y Sistemas de Calidad,Ninguna,Ninguna,Ninguna,Ninguna,Desarrollador,Servicio al Ciudadano,NO,NO,NO,NO,NO,NO,NO,NO,NO,NO,NO,NO,11.58,0.08,0,16.08,0,0,0,0,0,0,4
2004,M,SI,Ninguno,Ninguno,Proyectos de Evaluación Social,Estadística,Ciencias de la Economía,Políticas Sociales,Economia del Agua y Cambio Clímatico,Universidad Erasmo Rotterdam,Corporación Autonoma Regional del Cauca,Monitor y Evaluador en Salud y Protección,Monitor y Evaludor Financiero,Analista de Datos,Economico,NO,NO,Inversión Pública,Finanzas Públicas,NO,NO,NO,NO,NO,Producción,7.5,1.33,7.5,6.08,3.08,3,0,0,0,1.33,15
2004,M,SI,Ninguno,Ninguno,Logistica Empresarial,Ninguna,Ninguna,Ninguna,Ninguna,Ninguna,Ninguna,Jefe de Compras,Jefe de Servicios Generales,NO,NO,NO,NO,NO,NO,Almacén,NO,NO,NO,NO,NO,10.25,4,0,8,0,0,10.25,0,0,0,3
2000,M,SI,Ninguno,Análisis y Gestión Ambiental,Gestión Integrada,Seguridad y Salud en el Trabajo,Ninguna,Ninguna,Ninguna,Universidad del Magdalena,Asesor en Seguridad y Salud en el Trabajo,NO,NO,NO,NO,NO,Negocios,NO,Seguridad y Salud en el Trabajo,Prevención,Seguridad y Salud,NO,NO,NO,NO,18.83,14.67,14.67,0,0,0,18.83,0,0,0,8
2005,M,SI,Ninguno,Ninguno,Ninguna,Ninguna,Ninguna,Ninguna,Ninguna,Ninguna,Ninguna,NO,NO,NO,Mantenimiento,NO,NO,NO,NO,Mantenimiento,Control de Compras e Inventario,NO,NO,NO,NO,13.16,2.83,0,0,13.16,0,2.83,0,0,0,3
2002,M,SI,Ninguno,Ninguno,Ninguna,Ninguna,Empresas e Innovación,Ninguna,Ninguna,Fundación Universitaria San Martin,Corporación Universitaria Americana,Asistente Administrativo,Asesor Ecónomico,NO,NO,NO,NO,Técnico,NO,Gestión de Calidad,Aseguramiento de la Calidad,Maestría de Ingeniería Industrial,NO,Investigación,NO,13.25,6,13.25,6,7.16,0,8.6,0,10,0,14
2003,M,SI,Ninguno,Ninguno,Ninguna,Ninguna,Administración de Empresas e Innovación,Ninguna,Ninguna,Universidad Simón Bolivar,Universidad Libre,Jefe de Control de Calidad,Asistente Colaborador,NO,Especialización Alta Gerencia,NO,NO,NO,NO,Maestría,Aseguramiento de la Calidad,NO,NO,Investigación,NO,16.5,3.08,16.5,3.08,6,0,7.5,0,10.08,0,16
2001,M,SI,Ninguno,Ninguno,Logistica Empresarial,Ninguna,Administración y Direccion de Empresas,Ninguna,Ninguna,Ninguna,Ninguna,NO,NO,NO,NO,NO,NO,Logistico,NO,Sistemas y Tecnología,Importaciones,Mercadeo,NO,NO,NO,6.25,5.5,0,0,0,6.25,5.5,0,0,0,8
2001,M,SI,Ninguno,Ninguno,Ninguna,Ninguna,Administración y Direccion de Empresas,Ninguna,Ingenieria Industrial,Universidad Industrial de Santander,Universidad Simón Bolivar,NO,NO,NO,NO,NO,NO,NO,NO,Gestion de Proyectos,Investigaciones,NO,NO,Gestión de ideas para la innovación,NO,14,9.5,14,0,0,0,9.5,0,0,0,9
2005,M,SI,Ninguna,Ninguna,Procesos Industriales,Ninguna,Ninguna,Ninguna,Ninguna,NO,NO,Jefe de Salud,Seguridad,Calidad y MedioAmbiente,NO,NO,NO,NO,NO,NO,NO,NO,NO,NO,NO,2.5,0.5,0.5,2.5,0,0,0,0,2,0,2
2004,M,SI,Ninguno,Ninguno,Ninguna,Ninguna,Ninguna,Ninguna,Ninguna,Ninguna,Ninguna,Gestión de Calidad,Asesor Gestión Directiva,Secretaria de Educación Pública,NO,NO,NO,NO,NO,Sistema Integrado de Gestión,NO,NO,NO,NO,NO,7.5,2.42,0,7.5,0,0,2.42,0,0,0,6
2001,M,SI,Ninguno,Ninguno,Gestión de Calidad,Ninguna,Ninguna,Ninguna,Ninguna,Ninguna,Ninguna,Asesor Administrativo,NO,NO,NO,NO,NO,Gestión de Calidad,NO,Riesgos,NO,NO,NO,Auditoria Interna,NO,9.75,0.58,0,0.58,0,2.58,3.42,0,9.75,0,7
2007,M,SI,Ninguno,Ninguno,Gerencia de Proyectos,Ninguna,Ninguna,Ninguna,Ninguna,Ninguna,Ninguna,Jefe de Operaciones,NO,NO,Operaciones y Estrategia,NO,NO,NO,NO,NO,NO,NO,NO,NO,NO,11.25,1.25,0,11.25,1.25,0,0,0,0,0,1
2005,M,SI,Ninguno,Ninguno,Gerencia de la Calidad,Ninguna,Ninguna,Ninguna,Ninguna,Ninguna,Ninguna,Asistente de Gestión de Calidad,Gerente de Procesos,NO,NO,NO,NO,NO,NO,Planeación,Hacienda,NO,NO,NO,NO,12.08,6,0,12.08,0,0,10.6,0,0,0,4
2006,M,SI,Ninguno,Ninguno,Salud Ocupacional,Ninguna,Ninguna,Ninguna,Ninguna,Ninguna,Ninguna,Analista Salud Ocupacional,Asesor Prevención de Riesgos,Analista SST,NO,NO,NO,NO,NO,NO,NO,NO,NO,SISO,NO,10.25,1.5,0,10.25,0,0,0,0,1.5,0,6
2008,M,SI,Ninguno,Ninguno,Ninguna,Ninguna,Ninguna,Ninguna,Ninguna,Ninguna,Ninguna,ICFES,NO,NO,NO,NO,NO,Alcaldía Distrital de Barranquilla,NO,NO,NO,NO,NO,NO,Planta,18.42,1.08,12.08,18.42,0,3.25,0,0,0,1.08,4
2003,M,SI,Ninguno,Ninguno,Logistica Empresarial,Ninguna,Ninguna,Ninguna,Ninguna,Ninguna,Ninguna,Auxiliar de Logística,Gestión de Calidad,Jefe de Planta,Comercial,NO,NO,NO,NO,Planeación de Producción,NO,NO,NO,NO,Producción,8.5,1.16,0,4.92,8.58,0,3.67,0,0,1.16,8
2007,F,SI,Logística,Comercio Exterior,Ninguna,Ninguna,Ninguna,Ninguna,Ninguna,Ninguna,Ninguna,Exteditor de Compras,Jefe de Compras,Analista de Compras,NO,NO,NO,NO,NO,Comercio Exterior,Finanzas,NO,NO,NO,NO,6.92,4.58,0,6.92,0,0,4.58,0,0,0,7
2005,F,SI,Ninguno,Ninguno,Gerencia de Recursos Humanos,Ninguna,Ninguna,Ninguna,Ninguna,Ninguna,Ninguna,Estudiante de Practicas,Gestor de Organización,Técnico de Recursos Humanos,NO,NO,NO,NO,NO,Atención Al Cliente,NO,NO,NO,NO,NO,11.5,0.5,0,10.25,0,0,11.5,0,0,0,6
2006,F,SI,Ninguno,Ninguno,Gestión de Calidad,Ninguna,Ninguna,Ninguna,Ninguna,Ninguna,Ninguna,Jefe de Control de Calidad,Jefe de Servicios Técnicos,NO,NO,NO,NO,NO,NO,Servicios Operativos,NO,NO,NO,NO,NO,7.5,6.08,0,7.5,0,0,6.08,0,0,0,5
2005,F,SI,Ninguno,Ninguno,Ninguna,Ninguna,Administración de Negocios,Ninguna,Ninguna,Ninguna,Ninguna,Gestión de Calidad,Subgerente,NO,NO,NO,NO,Gestión de Calidad,NO,Gestión de Calidad,NO,NO,NO,Team Paint & Decoral,NO,15.58,0.25,0,15.58,0,0.25,2,0,1.42,0,6
2006,F,SI,Ninguno,Ninguno,Gerencia y Control de Riesgos,Ninguna,Ninguna,Ninguna,Ninguna,Ninguna,Ninguna,NO,NO,NO,NO,NO,NO,NO,NO,Gestión Integral,NO,NO,NO,SGI,NO,15,7.08,0,0,0,0,7.08,0,15,0,3
2001,M,SI,Ninguno,Ninguno,Ninguna,Ninguna,Ninguna,Ninguna,Ninguna,Ninguna,Ninguna,Axuliar de Compras,Asistente de Compras,Auxiliar de Costos,NO,NO,NO,NO,NO,Inventarios,NO,NO,NO,Operaciones,Maquila,10,1,0,10,0,0,1.33,0,3.75,1,12
2005,M,SI,Ninguno,Ninguno,Salud Ocupacional,Logística Empresarial,Sistemas Integrados de Gestión,Ninguna,Ninguna,Ninguna,Ninguna,Analista de SSG,Protección y Control de Pérdidas,Contratación,Sistemas Integrados de Gestión,NO,NO,Compras,NO,Compras,NO,NO,NO,Compras,NO,11.25,3.25,0,8.08,3.25,11.25,0,0,4.25,0,7
2001,M,SI,Ninguno,Ninguno,Ninguna,Ninguna,Ninguna,Ninguna,Ninguna,Ninguna,Ninguna,Gerente Comercial,NO,NO,NO,NO,NO,Salud Ocupacional,NO,Gestión de Calidad,Estrategia y Riesgos,NO,NO,NO,NO,13.16,1.75,0,0,0,13.16,1.75,0,0,0,3
2003,F,SI,Ninguno,Ninguno,Alta Gerencia,Ninguna,Ninguna,Ninguna,Ninguna,Ninguna,Ninguna,Ejecutivo de Cuentas,Jefe Comercial,NO,NO,NO,NO,Gestión de Calidad,NO,NO,NO,NO,NO,NO,NO,8.5,7.16,0,8.5,0,7.16,0,0,0,0,3
2005,F,SI,Ninguno,Ninguno,Ninguna,Ninguna,Ninguna,Ninguna,Ninguna,Ninguna,Ninguna,Gestión de Calidad,NO,NO,Gestión de Calidad,NO,NO,NO,NO,NO,NO,NO,NO,NO,NO,6.83,4,0,4,6.83,0,0,0,0,0,2
2006,M,SI,Ninguno,Ninguno,Alta Gerencia,Ninguna,Administración de Empresas e Innovación,Ninguna,Ninguna,Ninguna,Ninguna,NO,NO,NO,NO,NO,NO,Estrategia e Innovación,NO,Familias en Acción,NO,NO,NO,NO,NO,10.25,1.08,10.25,0,0,1.08,6.67,0,0,0,4
2001,F,SI,Ninguno,Ninguno,Gerencia de Mercadeo,Ninguna,Ninguna,Ninguna,Ninguna,Ninguna,Ninguna,Gerente  Nacional Call Center,NO,NO,Finanzas,NO,NO,NO,NO,Productividad Regional,NO,NO,NO,NO,NO,12.33,4.42,0,12.33,4.42,0,0,0,0,0,3
2005,M,SI,Ninguno,Ninguno,Ninguna,Ninguna,Ninguna,Ninguna,Ninguna,Ninguna,Ninguna,NO,NO,NO,NO,NO,NO,NO,NO,Articulación,NO,NO,NO,NO,NO,8,0,0,0,0,0,8,0,0,0,1
2005,M,SI,Ninguno,Ninguno,Ninguna,Ninguna,Logística,Ninguna,Ninguna,Ninguna,Ninguna,NO,NO,NO,Logística ,NO,NO,Logistico,NO,Logística,NO,NO,NO,NO,Logistico,6.25,1.16,0,0,5.92,1.16,6.25,0,0,5,10
2001,M,SI,Ninguno,Ninguno,Ninguna,Ninguna,Desarrollo Social,Ninguna,Aministración y Desarrollo empresarial,Universidad Simón Bolivar,Universidad Tecnologica de Bolivar,NO,NO,NO,Corporativo,NO,NO,Desarrollo Empresarial,NO,Ingenieria Industrial,NO,NO,NO,NO,NO,15.33,0.5,13.42,0,15.33,0.5,1.75,0,0,0,14
2004,M,SI,Ninguno,Ninguno,Gestión de Producción y Operaciones,Ingeniería Administrativa,Ninguna,Ninguna,Ninguna,Ninguna,Ninguna,NO,NO,NO,Producción,Gestión de Calidad,NO,NO,NO,NO,NO,NO,NO,NO,NO,16.67,8,0,0,24.67,0,0,0,0,0,2
2007,M,SI,Ninguno,Ninguno,Ninguna,Ninguna,Ninguna,Ninguna,Ninguna,Ninguna,Ninguna,Jefe de Servicio,Analista de Tiempos y Movimientos,Asistente Gestión Humana,NO,NO,NO,NO,NO,NO,NO,NO,NO,NO,Producción,14.25,6,0,6,0,0,0,0,0,14.25,5
2001,F,SI,Ingeniería de Calidad,Ninguno,Gerencia Financiera,Ninguna,Ninguna,Ninguna,Ninguna,Ninguna,Ninguna,Gerente Administrativo,Auxiliar de Compras,NO,Negocios,NO,NO,NO,NO,Gestión Humana,NO,NO,NO,NO,NO,3.16,0.42,0,1.5,3.16,0,0.42,0,0,0,7
2004,F,SI,Ninguno,Ninguno,Ninguna,Ninguna,Prevención de Riesgos Laborales,Ninguna,Ninguna,Ninguna,Ninguna,NO,NO,NO,NO,NO,NO,NO,NO,Gestión de Calidad,Academico,NO,NO,NO,NO,7.25,1,0,0,0,0,9.25,0,0,0,3
2001,F,SI,Ninguno,Ninguno,Ninguna,Ninguna,Ninguna,Ninguna,Ninguna,Ninguna,Ninguna,NO,NO,NO,NO,NO,NO,NO,NO,Salud Ocupacional,NO,NO,NO,NO,NO,6.92,4,6.92,0,0,0,4,0,0,0,2
2001,F,SI,Ingeniería de Calidad,Seguridad y Salud Ocupacional,Ninguna,Ninguna,Ninguna,Ninguna,Ninguna,Ninguna,Ninguna,Administrador,NO,NO,NO,NO,NO,Gestión de Calidad,NO,Gestión de Calidad,Administrativo,Operaciones de Negocio,NO,NO,NO,6.5,1.25,0,1.25,0,2,6.5,0,0,0,3
2004,M,SI,Ninguno,Ninguno,Ninguna,Ninguna,Gestión Logistica,Ninguna,Ninguna,Ninguna,Ninguna,Auxiliar de Almacen,Jefe de Almacen,NO,Cadena de Abastecimiento,NO,NO,NO,NO,Logística,NO,NO,NO,Logistico,NO,8.33,3.08,0,4.5,3.08,0,8.33,0,4.5,0,6
2003,F,SI,Ninguno,Ninguno,Gestión de Producción y Operaciones,Ninguna,Ninguna,Ninguna,Ninguna,Ninguna,Ninguna,Analista de Planeación de Operaciones,NO,NO,NO,NO,NO,NO,NO,Inventarios,Servicio al Cliente,NO,NO,NO,Bodega,12.5,1.08,0,1.83,0,0,13.08,0,0,1.08,4
2001,F,SI,Ninguno,Ninguno,Ninguna,Ninguna,Prevención de Riesgos Laborales,Gestión Integral,Aministración y Desarrollo empresarial,Ninguna,Ninguna,Vendedor E-Comerce,NO,NO,NO,NO,NO,NO,NO,Gestión Humana,Negocios,NO,NO,Proyectos,Proyectos,4.83,1.25,0,0,0,0,1.25,0,1.68,4.83,7
2000,F,SI,Finanzas,Ninguno,Administración y Gestión de Empresas,Ninguna,Ninguna,Ninguna,Ninguna,Ninguna,Ninguna,Asistente,Estudiante Practicas,Asesora Financiera,Corporativo,NO,NO,NO,NO,Gestión de Calidad,NO,NO,NO,NO,NO,8.08,0.25,0,0.25,8.08,0,5.08,0,0,0,11
2004,M,SI,Ninguno,Ninguno,Ninguna,Ninguna,Ninguna,Ninguna,Ninguna,Ninguna,Ninguna,Gerente Comercial,Gerente MultiServicios,NO,NO,NO,NO,NO,NO,Alumbrado Publico,NO,NO,NO,NO,NO,8.83,7,0,16,0,0,7,0,0,0,3
2002,M,SI,Ninguno,Ninguno,Prevención en Riesgos Profesionales,Ninguna,Ninguna,Ninguna,Ninguna,Ninguna,Ninguna,NO,NO,NO,NO,NO,NO,NO,NO,Gestión de Proyectos,NO,NO,NO,NO,NO,2.25,1.5,1.5,0,0,0,2.25,0,0,0,3
2005,M,SI,Ninguno,Ninguno,Gestión de Calidad,Ninguna,Ninguna,Ninguna,Ninguna,Ninguna,Ninguna,Jefe Metodos y Procedimientos,NO,NO,Olimpica,NO,NO,NO,NO,Metodos y Procedimientos,NO,NO,NO,NO,NO,17.67,2367,0,2.67,17.67,0,7.5,0,0,0,6
2000,F,SI,Ninguno,Ninguno,Gestión de Calidad,Ninguna,Ninguna,Ninguna,Ninguna,Ninguna,Ninguna,NO,NO,NO,NO,NO,NO,Gestión de Calidad,Gestión de Calidad,Gestión de Calidad,NO,NO,NO,NO,NO,11.08,3,1.5,0,0,11.08,3,0,0,0,24
2003,M,SI,Ninguno,Ninguno,Finanzas,Logística Empresarial,Ninguna,Ninguna,Ninguna,Ninguna,Ninguna,Programador Logistico,Diseñador de Redes,NO,Argos,NO,NO,NO,NO,Optimización de Transporte,NO,NO,NO,Planeación,NO,16.67,3.08,0,3.5,16.67,0,3.08,0,13.16,0,5
2005,M,SI,Ninguno,Ninguno,Ninguna,Ninguna,Ninguna,Ninguna,Ninguna,Ninguna,Ninguna,Jefe de Logistica,NO,NO,NO,NO,NO,NO,NO,NO,NO,NO,NO,NO,Producción,6,3.92,0,6,0,0,0,0,0,3.92,2
2001,M,SI,Salud Ocupacional,Ninguno,Ninguna,Ninguna,Ninguna,Ninguna,Ninguna,Ninguna,Ninguna,Administrador,Gerente,NO,NO,NO,NO,NO,NO,SIO,NO,NO,NO,NO,NO,21,0,0,21,0,0,0,0,0,0,3
2002,M,SI,Administración y Gestión de Negocios,Operaciones Globales,Ninguna,Ninguna,Administración y Direccion de Empresas,Ninguna,Ninguna,Ninguna,Ninguna,NO,NO,NO,Ventas,Estrategia de Ventas y Operaciones,NO,NO,NO,NO,NO,NO,NO,NO,NO,8,0.5,0,5.5,8,0.5,0,0,0,0,9
2005,M,SI,Ninguno,Ninguno,Gerencia en la Producción y Calidad,Ninguna,Educación,Ninguna,Ninguna,Secretaria de Educación Distrital de Cartagena,Fundación Universitaria Colombo Internacional,Asistente Academico,NO,NO,CEO,NO,NO,Gestión de Calidad,NO,Gestión de Calidad,Academico,NO,NO,NO,NO,15.08,0.92,15.08,0,1.08,4.92,8.16,0,0,0,9
2002,M,SI,Gerencia Politica y Gobernabilidad,Contratación Estatal,Logistica Empresarial,Diseño y Evaluación de Proyectos,Ninguna,Ninguna,Ninguna,Ninguna,Ninguna,Secretario General De Gbno,NO,NO,NO,NO,NO,Político y de Gobernabilidad,NO,Gestión de Calidad,NO,NO,NO,NO,NO,6.75,1.75,0,2.83,0,6.75,1.75,0,0,0,7
2003,M,SI,Ninguno,Ninguno,Ninguna,Ninguna,Ninguna,Ninguna,Ninguna,Ninguna,Ninguna,Ejecutivo Comercial,NO,NO,NO,NO,NO,Procesos,NO,NO,NO,NO,NO,SAP,Logistico,10.5,1.67,0,1.67,0,8.67,0,0,10.5,5.58,15
2007,M,SI,Procesamiento de Datos,Ninguno,Gerencia de Producción y Operaciones,Ninguna,Ninguna,Ninguna,Ninguna,Ninguna,Ninguna,NO,NO,NO,Gestión de Proyectos,NO,NO,Operaciones,NO,Administrativo y Financiero,NO,NO,NO,NO,NO,6.25,3.58,0,0,5.58,6.25,3.58,0,0,0,6
2002,F,SI,Ninguno,Ninguno,Ninguna,Ninguna,Ninguna,Ninguna,Ninguna,Ninguna,Ninguna,NO,NO,NO,Gestión de Calidad,NO,NO,Gestión de Calidad,NO,Gestión de Calidad,NO,NO,NO,NO,NO,7,0.5,0,0,7,2.33,2.42,0,0,0,6
2001,F,SI,Ninguno,Ninguno,Ninguna,Ninguna,Ninguna,Ninguna,Ciencias de la Admnistración,Universidad Autonoma del caribe,Ninguna,Administrador,Analista ,Gerente,Software,NO,NO,NO,NO,Gestión de Proyectos,Maestría Universitaria,NO,NO,Producto,NO,8.08,0.92,6,8.08,1.25,0,2.83,0,0.92,0,14
2003,F,SI,Ninguno,Ninguno,Ninguna,Ninguna,Logística Integral y Comercio Exterior,Ninguna,Ninguna,Ninguna,Ninguna,Jefe de Montaje y Vulcanización,Jefe de Planeación,Analista de Planeación,Gestión de Proyectos,Administrativo,NO,NO,NO,Planta de Producto Terminado,Planeación y Logistica,NO,NO,NO,NO,15,0.67,0,15,2,0,2.16,0,0,0,6
2001,F,SI,Gestión Comercial,Ninguno,Ninguna,Ninguna,Ninguna,Ninguna,Ninguna,Ninguna,Ninguna,Asistente,NO,NO,NO,NO,NO,NO,NO,Comercial,Distribución y Ventas,NO,NO,NO,NO,18.08,0.75,0.75,1.16,0,0,18.08,0,0,0,5
2004,F,SI,Ninguno,Ninguno,Gestión de Calidad,Ninguna,Ninguna,Ninguna,Ninguna,Ninguna,Ninguna,Estudiante de Practicas,Especialista en Procesos,NO,NO,NO,NO,NO,NO,Gestión de Calidad,NO,NO,NO,NO,NO,16,1.33,0,17.33,0,0,6.58,0,0,0,3
2004,M,SI,Ninguno,Ninguno,Administración y Gestión de Empresas,Ninguna,Ninguna,Ninguna,Ninguna,Ninguna,Ninguna,Planeación de Operaciones,Ejecutivo Comercial,Gerente de Entrenamiento,NO,NO,No,NO,NO,Logística,NO,NO,NO,Cadena de Suministros,NO,15.92,1.67,0,15.92,0,0,4.16,0,1.67,0,8
2001,M,SI,Ninguno,Ninguno,Ninguna,Ninguna,Administración y Direccion de Empresas,Ninguna,Ninguna,Ninguna,Ninguna,Aministrador,Producción,Salud Ocupacional,Operativo,Financiero,Operaciones y Demanda,NO,NO,NO,NO,NO,NO,NO,NO,7.08,0.5,0.5,2,7.08,0,0,0,0,0,6
2006,M,SI,Ninguno,Ninguno,Ninguna,Ninguna,Ninguna,Ninguna,Ninguna,Ninguna,Ninguna,ICFES,NO,NO,NO,NO,NO,NO,NO,NO,NO,NO,NO,NO,NO,4.5,0,0,4.5,0,0,0,0,0,0,1
1999,M,SI,Inteligencia computacional,Redes Neuronales,Lógica Difusa yAlgoritmos,Ninguno,Diseño y Evaluación de Proyectos,Ninguna,Ninguna,NO,NO,Asistente,Asitencia Técnica,Gerente,NO,NO,NO,NO,NO,NO,NO,NO,Back Office,Plataforma,NO,9.08,0.58,0,4,0,0,9.08,0,0,0,9
2001,M,SI,Ninguno,Ninguno,Ninguna,Ninguna,Ninguna,Ninguna,Ninguna,Ninguna,Ninguna,Gerente,NO,NO,Gestión Integral,NO,NO,NO,NO,Comercial,Sistema de Gestión,NO,NO,NO,NO,6.67,1.58,0,1.58,6.42,0,6.67,0,0,0,7
1999,M,SI,Organización Industrial,Ninguno,Administración de Negocios,Ciencia en Ingenieria Industrial,Ninguna,Ninguna,Ninguna,Ninguna,Ninguna,Gerente,NO,NO,Comercial,Gestión de Calidad,Producción,Gestión de Calidad,NO,NO,NO,NO,NO,NO,NO,10.08,2.5,0,10.08,0,2.5,0,0,0,0,9
2007,M,SI,Ninguno,Ninguno,Ninguna,Ninguna,Ninguna,Ninguna,Ninguna,Ninguna,Ninguna,Analista de Servicios,NO,NO,Tecnico de Acueducto y Saneamiento Básico,Comercial,Operaciones y Demanda,NO,NO,Programas Formativos,NO,NO,NO,NO,Operaciones,4.67,2,0,2.16,4.67,0,2,0,0,3.08,5
2007,F,SI,Ninguno,Ninguno,Ninguna,Ninguna,Ninguna,Ninguna,Ninguna,Ninguna,Ninguna,NO,NO,NO,NO,NO,NO,NO,NO,Comercial,NO,NO,NO,NO,NO,8,0,0,0,0,0,8,0,0,0,1
2002,M,SI,Ninguno,Ninguno,Ninguna,Ninguna,Ninguna,Ninguna,Ninguna,Ninguna,Ninguna,NO,NO,NO,NO,NO,NO,NO,NO,General,NO,NO,NO,NO,NO,12,2.42,2.42,12,0,0,0,0,0,0,1
2004,M,SI,Ninguno,Ninguno,Pedagogía,Ninguna,Administración de Organizaciones,Ninguna,Ninguna,UNAD,Coporación Universitaria Minuto de Dios,NO,NO,NO,Administrativo y Financiero,NO,NO,NO,NO,NO,NO,NO,NO,NO,NO,9.5,1.08,9.5,0,1.08,0,0,0,0,0,5
2002,M,SI,Ninguno,Ninguno,Gerencia de Mercadeo,Ninguna,Gestión y Dirección de Marketing,Ninguna,Ninguna,Ninguna,Ninguna,Asistente,Ejecutiva Comercial,Ejecutiva de Negocios,Portafolios de Inversión,NO,NO,NO,NO,NO,NO,NO,NO,NO,NO,10,5.08,0,5.08,10,0,0,0,0,0,10
2005,M,SI,Ninguno,Ninguno,Seguridad y Salud en el Trabajo,Ninguna,Sistemas Integrados de Gestión,Ninguna,Ninguna,Ninguna,Ninguna,Analista SST,NO,NO,NO,NO,NO,NO,NO,NO,NO,NO,NO,NO,NO,13.33,0,0,13.33,0,0,0,0,0,0,1
1999,M,SI,Ninguno,Ninguno,Salud Ocupacional,Prevención y control del fuego para la industria petroquimica,Ninguna,Ninguna,Ninguna,Ninguna,Ninguna,Analista,NO,NO,NO,NO,NO,Salud Ocupacional,Ventas,Salud Ocupacional,NO,NO,NO,NO,Salud Ocupacional,13.08,1.25,0,1.33,0,5.5,13.08,0,0,1.25,11
2004,M,SI,Ninguno,Ninguno,Gestión de Proyectos,Ninguna,Ninguna,Ninguna,Ninguna,Universidad Libre,Universidad Simón Bolivar,Gestor Educativo,NO,NO,NO,NO,NO,Talento Humano,NO,General,NO,NO,NO,NO,NO,15,1.5,15,1.5,0,12,0,0,0,0,10
2002,M,SI,Ninguno,Ninguno,Gestión de Calidad,Ninguna,Administración e Innovación,Ninguna,Ninguna,Ninguna,Ninguna,Gerente,NO,NO,Gestión de Proyectos,NO,NO,NO,NO,NO,NO,NO,NO,NO,NO,15.67,2.16,2.16,4.5,15.67,0,0,0,0,0,4
2005,M,SI,Ninguno,Ninguno,Gestión de Calidad,Ninguna,Ninguna,Ninguna,Ninguna,Ninguna,Ninguna,Jefe de Producción,Asistente de Calidad,Jefe de Division Metrologica,NO,NO,NO,Gestión de Calidad,NO,Gestión de Calidad,NO,NO,NO,NO,NO,13.67,1.16,0,13.67,0,3.67,1.16,0,0,0,6
1998,M,SI,Ninguno,Ninguno,Ninguna,Ninguna,Ninguna,Ninguna,Ninguna,Ninguna,Ninguna,NO,NO,NO,NO,NO,NO,NO,NO,Comercial,NO,NO,NO,NO,NO,16.16,12.92,0,12.92,16.16,0,0,0,0,0,2
2003,F,SI,Ninguno,Ninguno,Logistica Empresarial,Ninguna,Ninguna,Ninguna,Ninguna,Ninguna,Ninguna,Asesor de Operaciones,NO,NO,NO,NO,NO,NO,NO,NO,NO,NO,NO,NO,NO,7.67,0,0,7.67,0,0,0,0,0,0,1
2001,F,SI,Ninguno,Ninguno,Gestión de Calidad,Ninguna,Ninguna,Ninguna,Ninguna,Ninguna,Ninguna,NO,NO,NO,NO,NO,NO,NO,NO,Gestión de Calidad,NO,NO,NO,NO,NO,10,0,0,0,0,0,10,0,0,0,1
2002,F,SI,Ninguno,Ninguno,Salud Ocupacional,Ninguna,Ninguna,Ninguna,Ninguna,Ninguna,Ninguna,NO,NO,NO,Salud Ocupacional,NO,NO,Gestión de Calidad,NO,NO,NO,NO,NO,NO,NO,8.16,4.83,0,0,8.16,4.83,0,0,0,0,2
2002,F,SI,Ninguno,Ninguno,Ninguna,Ninguna,Ninguna,Ninguna,Ninguna,Ninguna,Ninguna,Salud Ocupacional,Ejecutiva Integral,Asesor SST,NO,NO,NO,NO,NO,Gestión de Calidad,SST,NO,NO,NO,NO,10.75,1.08,1.08,10.75,0,0,3.5,0,0,0,6
2003,F,SI,Sistema de Gestión Integrados,Ninguno,Diseño y Evaluación de Proyectos,Seguridad y Salud en el Trabajo,Ninguna,Ninguna,Ninguna,Ninguna,Ninguna,Gestión de Calidad,NO,NO,NO,NO,NO,NO,NO,Seguridad y Salud en el Trabajo,NO,NO,NO,NO,NO,10.58,7.83,0,7.83,0,0,10.58,0,0,0,2
2004,F,SI,Ninguno,Ninguno,Ninguna,Ninguna,Ninguna,Ninguna,Ninguna,Ninguna,Ninguna,Servicio al Cliente,Asistente Comercial,Represtante de Ventas,Operaciones y Estrategia,NO,NO,SAP,NO,Servicios Operativos,NO,NO,NO,NO,NO,10.5,1.08,0,2.83,1.08,10.5,1.25,0,0,0,15
2006,F,SI,Ninguno,Ninguno,Salud Ocupacional,Ninguna,Ninguna,Ninguna,Ninguna,Ninguna,Ninguna,Servicio al Cliente,NO,NO,NO,NO,NO,NO,NO,Gestión de Calidad,NO,NO,NO,NO,Seguridad y Salud en el Trabajo,6.58,3.67,0,6.58,0,0,3.67,0,0,4.58,3
2003,M,SI,Ninguno,Ninguno,Logistica Empresarial,Dirección de Proyectos,Administración de Empresas,Ninguna,Ninguna,Ninguna,Ninguna,NO,NO,NO,NO,NO,NO,NO,NO,Almacenamiento,Logistico,NO,NO,Proyectos,Logistico,10.25,2.67,0,0,0,0,10.25,0,4.83,2.67,7
2001,F,SI,Ninguno,Ninguno,Logistica Empresarial,Ninguna,Ninguna,Ninguna,Ninguna,Ninguna,Ninguna,Axuliar de Compras,Ejecutiva Comercial,NO,Logística ,NO,NO,NO,NO,Logística,NO,NO,NO,NO,NO,7.75,3.58,0,5,3.58,0,9.75,0,0,0,5
2001,F,SI,Ninguno,Ninguno,Ninguna,Ninguna,Ingeniería Administrativa,Ninguna,Gestión y Desarrollo de Negocios ,Universidad Autonoma del caribe,Universidad de Puerto Rico,Asistente,Analista,NO,NO,NO,NO,Gestión de Calidad,NO,Universitario,NO,NO,NO,NO,NO,16.5,1.5,16.5,0,1.5,5.5,3,0,0,0,10
2002,M,SI,Salud Ocupacional,Ninguna,Ninguna,Ninguna,Ciencias de la Educación,Ninguna,Ninguna,NO,NO,NO,Salud,Seguridad y Ambiente,NO,NO,Seguridad,Salud Ocupacional y Medio Ambiente,NO,NO,NO,NO,NO,NO,NO,10.5,6.33,0,0,10.5,6.33,0,0,0,0,2
2005,F,SI,Ninguno,Ninguno,Salud Ocupacional,Ninguna,Ninguna,Ninguna,Ninguna,Ninguna,Ninguna,Asistente SST,Gerente de Sistems de Gestión,NO,NO,NO,NO,Diseño de Sistemas,Gestión de Riesgos,NO,NO,NO,NO,NO,NO,12.5,9.33,0,9.33,0,12.5,0,0,0,0,8
2006,F,SI,Ninguno,Ninguno,Alta Gerencia,Ninguna,Ciencia de Datos,Ninguna,Ninguna,Ninguna,Ninguna,Analista de Facturación,NO,NO,Planificación,NO,NO,NO,NO,Atención Al Cliente,Comercial,Planificación,NO,NO,Control de Calidad,7.33,1.16,0,1.16,3.16,0,7.33,0,0,4.5,6
1999,M,SI,Salud Ocupacional,Gestión Logística Empresarial,Ninguna,Ninguna,Ninguna,Ninguna,Ninguna,Ninguna,Ninguna,Asesor Ecónomico,Asesor Desarrollo,NO,Comercial,NO,NO,NO,NO,NO,NO,NO,NO,NO,NO,10.33,1,0,10.33,1,0,0,0,0,0,8
2006,F,SI,Ninguno,Ninguno,Salud Ocupacional,Gestión Social,Ninguna,Ninguna,Ninguna,Ninguna,Ninguna,SISO,Seguridad y Salud Ocupacional,NO,NO,NO,NO,NO,NO,Salud Ocupacional,Gestión de Calidad,NO,NO,NO,NO,8.16,0.5,0,8.16,0,0,7.08,0,0,0,9
2004,F,SI,Ninguno,Ninguno,Logistica Empresarial,Ninguna,Ninguna,Ninguna,Ninguna,Ninguna,Ninguna,Planeación de Operaciones,Jefe de Oficina,NO,Administrativo y Financiero,NO,NO,Logistico,NO,Administrativo y Documental,NO,NO,NO,NO,NO,7.5,1.08,0,7.5,5.92,2.92,1.08,0,0,0,7
2001,F,SI,Ninguno,Ninguno,Gestión de Calidad,Ninguna,Gestión de la Innovación,Ninguna,Administración,Ninguna,Ninguna,NO,NO,NO,NO,NO,NO,Procesos,NO,Investigación e Innovación,NO,NO,NO,NO,NO,18,1.67,0,0,0,1.67,18,0,0,0,2
2003,F,SI,Ninguno,Ninguno,Gestión de Calidad,Seguridad y Salud en el Trabajo,Ninguna,Ninguna,Ninguna,Ninguna,Ninguna,Asistente de Calidad,NO,NO,NO,NO,NO,NO,NO,Procesos,Gestión de Calidad,NO,NO,Calidad,NO,9.67,1.33,0,1.33,0,0,9.67,0,2,0,5
2000,F,SI,Ninguno,Ninguno,Ninguna,Ninguna,Gestión de Calidad,Logística,Logistica,Universidad de Puerto Rico-Bayamon,Universidad de Puerto Rico-Río Piedras,NO,NO,NO,NO,NO,NO,Gestión de Calidad,NO,NO,NO,NO,NO,NO,NO,7.5,3,7.5,0,0,3,0,0,0,0,7
2003,F,SI,Ninguno,Ninguno,Gerencia Ocupacional,Gestión de Calidad,Ninguna,Ninguna,Ninguna,Ninguna,Ninguna,Asesor de Calidad,NO,NO,NO,NO,NO,NO,NO,Gestión de Calidad,NO,NO,NO,Sistema de Información Comercial,NO,7.67,1,0,1,0,0,7.67,0,3.08,0,9
2003,F,SI,Ninguno,Ninguno,Gestión Integrada,Ninguna,Ninguna,Ninguna,Ninguna,Ninguna,Ninguna,Analista de Cuentas,Jefe de Compras,NO,NO,NO,NO,NO,NO,NO,NO,NO,NO,Calidad,NO,7,4.5,7,4.5,0,0,0,0,5,0,9
2007,M,SI,Ninguno,Ninguno,Ninguna,Ninguna,Innovación y Emprendimiento,Ninguna,Ninguna,Ninguna,Ninguna,Auxiliar de Compras,Jefe de Logistica,NO,NO,NO,NO,NO,NO,Logística,NO,NO,NO,NO,Logistico,4.08,0.42,0,4.08,0,0,1.25,0,0,4,3
2007,M,SI,Ninguno,Ninguno,Ninguna,Ninguna,Administración de Negocios,Ninguna,Ninguna,Ninguna,Ninguna,Gerente,Asistente de Despacho,Jefe de Operaciones,NO,NO,NO,NO,NO,NO,NO,NO,NO,NO,NO,11.5,0.83,0,11.5,0,0,0,0,0,0,4
2006,F,SI,Ninguno,Ninguno,Logistica Empresarial,Ninguna,Ninguna,Ninguna,Ninguna,Ninguna,Ninguna,NO,Estudiante Practicas,Jefe de Logística,NO,NO,NO,NO,NO,Servicio al Cliente,NO,NO,NO,Servicio al Cliente,NO,15,0.67,0,15,0,0,3.58,0,0.67,0,7
2007,M,SI,Docencia Inicial Universitaria,Ninguno,Ninguna,Ninguna,Ninguna,Ninguna,Ninguna,Ninguna,Ninguna,Asistente Logistico,NO,NO,NO,NO,NO,NO,NO,Logística,NO,NO,NO,NO,Operaciones,8.25,0.92,0,0.92,0,0,1.08,0,0,8.25,8
2007,M,SI,Ninguno,Ninguno,Ninguna,Ninguna,Ninguna,Ninguna,Ninguna,Ninguna,Ninguna,Jefe de Planta,Planificador,NO,Planta y Producción,NO,NO,NO,NO,Producción,NO,NO,NO,NO,Producción,5.92,0.5,0,4.67,0.5,0,5.92,0,0,1.16,5
2007,M,SI,Ninguno,Ninguno,Ninguna,Ninguna,Finanzas,Ninguna,Ninguna,Ninguna,Ninguna,Cajero Auxiliar,Estudiante Practicas,Auxiliar de Proyectos,Finanzas,NO,NO,Gestión de Calidad,NO,NO,NO,NO,NO,NO,NO,15,1.67,0,1.67,15,6,0,0,0,0,4
2007,F,SI,Ninguno,Ninguno,Administración de Negocios,Ninguna,Ninguna,Ninguna,Ninguna,Ninguna,Ninguna,NO,NO,NO,NO,NO,NO,NO,NO,Comercial,NO,NO,NO,NO,NO,9.92,0,0,0,0,0,9.92,0,0,0,1
2007,M,SI,Gerencia de Proyectos,Sistemas Financeros,Ninguna,Ninguna,Ninguna,Ninguna,Ninguna,Ninguna,Ninguna,Auxiliar de Gestión de Calidad,Auxiliar de Gestión Documental,Asesor Comercial,NO,NO,NO,NO,NO,NO,NO,NO,NO,NO,NO,13.2,0.33,0,15,0,0,0,0,0,0,4
2007,M,SI,Diplomado en Talento Humano,Logistica Empresarial,Ninguna,Ninguna,Ninguna,Ninguna,Ninguna,Ninguna,Ninguna,Asistente de Importaciones,Jefe Administrativo,NO,NO,NO,NO,NO,NO,NO,NO,NO,NO,NO,NO,5.67,0.5,0,17.67,0,0,0,0,0,0,9
2007,M,SI,Ninguno,Ninguno,Gestión de Calidad,Alta Gerencia,Gestión de las Organizaciones,Ninguna,Ninguna,Ninguna,Ninguna,Jefe de Logistica,NO,NO,NO,NO,NO,NO,NO,NO,NO,NO,NO,NO,Auditoria,14.5,0.92,0,14.5,0,0,0,0,0,0.92,2
2001,M,SI,Educación Ambiental,Ninguno,Salud Ocupacional,Análisis y Gestión Ambiental,Ninguna,Ninguna,Ninguna,Ninguna,Ninguna,Gerente de Operaciones,Asesor Externo,Asesor Gestión de Riesgo,NO,NO,NO,NO,NO,Seguridad y Salud en el Trabajo,Riesgo Corporativo,NO,NO,NO,Producción,5.92,3.33,0,3.33,0,0,5.92,0,0,5.33,7
2004,F,SI,Ninguno,Ninguno,Ninguna,Ninguna,Ninguna,Ninguna,Ninguna,Ninguna,Ninguna,Analista de Datos,Especialista en Reportes,Gestión de Calidad,NO,NO,NO,NO,NO,NO,NO,NO,NO,NO,Producción,7,3,0,7,0,0,0,0,0,3,7
1998,M,SI,Ninguno,Ninguno,Ninguna,Ninguna,Ingeniería Administrativa,Ninguna,Ninguna,Universidad del Atlántico,Universidad Nacional Abierta y a Distancia,Asistente de Superintendencia,NO,NO,Administrativo y Financiero,NO,NO,NO,NO,Bienestar Humano,Programas de Posgrados,Programa de Ingenieria Industrial,NO,NO,NO,16.25,3.25,16.25,0,0,0,3.25,0,0,0,10
1999,F,SI,Ninguno,Ninguno,Finanzas,Ninguna,Gestión Administrativa de Negocios,Fianazas Internacionales,Ninguna,Ninguna,Ninguna,Analista Financiero,Analista de Negocios,Especialista Financiero,NO,NO,NO,Finanzas,NO,NO,NO,NO,NO,NO,NO,6.5,0.92,0,7.42,0,0,0,0,0,0,5
1998,F,SI,Ninguno,Ninguno,Estadística,Ninguna,Ingeniería Industrial,Ninguna,Ninguna,Ninguna,Ninguna,Analisis y Gestión de la Infomación,Asistente de Procesos y Metodos,NO,NO,NO,NO,NO,NO,NO,NO,NO,NO,NO,NO,16.5,0.92,0,16.5,0,0,0,0,0,0,5
1999,F,SI,Marketing,Ninguno,Ninguna,Ninguna,Ninguna,Ninguna,Ninguna,Ninguna,Ninguna,Analista Comecial,Analista de Marketing,NO,NO,NO,NO,Corporativo,NO,Operaciones,NO,NO,NO,NO,NO,4.67,1,0,3.25,0,4.67,1,0,0,0,4
2004,M,SI,Ninguno,Ninguno,Ninguna,Ninguna,Finanzas,Ninguna,Ninguna,Ninguna,Ninguna,Cajero Auxiliar,Estudiante Practicas,Auxiliar de Proyectos,Finanzas,NO,NO,Gestión de Calidad,NO,NO,NO,NO,NO,NO,NO,15,1.67,0,1.67,15,6,0,0,0,0,4
