AÃ±o,SEXO,LinkedIn
1998,M,ENCONTRADO
1998,F,ENCONTRADO
1998,M,ENCONTRADO
1999,M,ENCONTRADO
1999,M,ENCONTRADO
1999,M,ENCONTRADO
1999,M,ENCONTRADO
1999,M,ENCONTRADO
1999,M,ENCONTRADO
1999,M,ENCONTRADO
1999,M,ENCONTRADO
1999,M,ENCONTRADO
1999,M,ENCONTRADO
2000,M,ENCONTRADO
2000,M,ENCONTRADO
2000,M,ENCONTRADO
2000,M,ENCONTRADO
2000,M,ENCONTRADO
2000,M,ENCONTRADO
2000,M,ENCONTRADO
2000,M,ENCONTRADO
2000,M,ENCONTRADO
2000,M,ENCONTRADO
2000,M,ENCONTRADO
2000,M,ENCONTRADO
2001,M,ENCONTRADO
2001,M,ENCONTRADO
2001,M,ENCONTRADO
2001,M,ENCONTRADO
2001,M,ENCONTRADO
2001,M,ENCONTRADO
2001,F,ENCONTRADO
2001,M,ENCONTRADO
2001,F,ENCONTRADO
2001,M,ENCONTRADO
2001,M,ENCONTRADO
2001,M,ENCONTRADO
2001,M,ENCONTRADO
2001,M,ENCONTRADO
2001,M,ENCONTRADO
2001,M,ENCONTRADO
2001,M,ENCONTRADO
2001,M,ENCONTRADO
2001,M,ENCONTRADO
2001,M,ENCONTRADO
2001,M,ENCONTRADO
2001,M,ENCONTRADO
2001,M,ENCONTRADO
2001,M,ENCONTRADO
2001,M,ENCONTRADO
2001,M,ENCONTRADO
2001,M,ENCONTRADO
2001,M,ENCONTRADO
2001,M,ENCONTRADO
2001,M,ENCONTRADO
2001,M,ENCONTRADO
2001,M,ENCONTRADO
2001,M,ENCONTRADO
2001,M,ENCONTRADO
2001,M,ENCONTRADO
2001,F,ENCONTRADO
2001,M,ENCONTRADO
2002,M,ENCONTRADO
2002,M,ENCONTRADO
2002,M,ENCONTRADO
2002,M,ENCONTRADO
2002,M,ENCONTRADO
2002,M,ENCONTRADO
2002,M,ENCONTRADO
2002,M,ENCONTRADO
2002,F,ENCONTRADO
2002,M,ENCONTRADO
2002,M,ENCONTRADO
2002,M,ENCONTRADO
2002,M,ENCONTRADO
2002,M,ENCONTRADO
2002,M,ENCONTRADO
2002,M,ENCONTRADO
2002,M,ENCONTRADO
2002,M,ENCONTRADO
2002,M,ENCONTRADO
2002,M,ENCONTRADO
2002,F,ENCONTRADO
2002,M,ENCONTRADO
2002,M,ENCONTRADO
2002,M,ENCONTRADO
2002,M,ENCONTRADO
2002,M,ENCONTRADO
2002,M,ENCONTRADO
2002,M,ENCONTRADO
2002,M,ENCONTRADO
2002,F,ENCONTRADO
2002,F,ENCONTRADO
2003,M,ENCONTRADO
2003,M,ENCONTRADO
2003,F,ENCONTRADO
2003,F,ENCONTRADO
2003,F,ENCONTRADO
2003,F,ENCONTRADO
2003,F,ENCONTRADO
2003,F,ENCONTRADO
2003,M,ENCONTRADO
2003,F,ENCONTRADO
2003,F,ENCONTRADO
2003,F,ENCONTRADO
2003,M,ENCONTRADO
2003,M,ENCONTRADO
2003,F,ENCONTRADO
2004,M,ENCONTRADO
2004,M,ENCONTRADO
2004,M,ENCONTRADO
2004,M,ENCONTRADO
2004,F,ENCONTRADO
2004,M,ENCONTRADO
2004,M,ENCONTRADO
2004,M,ENCONTRADO
2004,F,ENCONTRADO
2004,M,ENCONTRADO
2004,M,ENCONTRADO
2004,M,ENCONTRADO
2004,M,ENCONTRADO
2004,M,ENCONTRADO
2004,M,ENCONTRADO
2004,M,ENCONTRADO
2004,F,ENCONTRADO
2004,M,ENCONTRADO
2004,F,ENCONTRADO
2004,M,ENCONTRADO
2004,F,ENCONTRADO
2004,M,ENCONTRADO
2004,M,ENCONTRADO
2004,M,ENCONTRADO
2004,M,ENCONTRADO
2004,M,ENCONTRADO
2004,M,ENCONTRADO
2004,M,ENCONTRADO
2004,F,ENCONTRADO
2004,M,ENCONTRADO
2005,M,ENCONTRADO
2005,M,ENCONTRADO
2005,M,ENCONTRADO
2005,F,ENCONTRADO
2005,M,ENCONTRADO
2005,F,ENCONTRADO
2005,F,ENCONTRADO
2005,M,ENCONTRADO
2005,M,ENCONTRADO
2005,F,ENCONTRADO
2005,M,ENCONTRADO
2005,M,ENCONTRADO
2005,M,ENCONTRADO
2005,M,ENCONTRADO
2005,F,ENCONTRADO
2005,F,ENCONTRADO
2005,F,ENCONTRADO
2005,F,ENCONTRADO
2005,F,ENCONTRADO
2005,F,ENCONTRADO
2005,M,ENCONTRADO
2005,M,ENCONTRADO
2005,F,ENCONTRADO
2005,M,ENCONTRADO
2005,M,ENCONTRADO
2005,M,ENCONTRADO
2005,M,ENCONTRADO
2005,F,ENCONTRADO
2005,M,ENCONTRADO
2005,M,ENCONTRADO
2005,M,ENCONTRADO
2005,F,ENCONTRADO
2006,M,ENCONTRADO
2006,F,ENCONTRADO
2006,F,ENCONTRADO
2006,M,ENCONTRADO
2006,M,ENCONTRADO
2006,M,ENCONTRADO
2006,F,ENCONTRADO
2006,M,ENCONTRADO
2006,M,ENCONTRADO
2006,F,ENCONTRADO
2006,M,ENCONTRADO
2006,M,ENCONTRADO
2006,F,ENCONTRADO
2006,F,ENCONTRADO
2006,M,ENCONTRADO
2006,M,ENCONTRADO
2006,M,ENCONTRADO
2006,F,ENCONTRADO
2006,F,ENCONTRADO
2006,M,ENCONTRADO
2006,F,ENCONTRADO
2006,F,ENCONTRADO
2007,M,ENCONTRADO
2007,M,ENCONTRADO
2007,M,ENCONTRADO
2007,M,ENCONTRADO
2007,M,ENCONTRADO
2007,F,ENCONTRADO
2007,M,ENCONTRADO
2007,F,ENCONTRADO
2007,M,ENCONTRADO
2007,F,ENCONTRADO
2007,M,ENCONTRADO
2007,F,ENCONTRADO
2007,M,ENCONTRADO
2007,M,ENCONTRADO
2007,M,ENCONTRADO
2007,F,ENCONTRADO
2007,M,ENCONTRADO
2007,M,ENCONTRADO
2007,M,ENCONTRADO
2007,F,ENCONTRADO
2007,M,ENCONTRADO
2007,M,ENCONTRADO
2007,M,ENCONTRADO
